threads,time,speedup
1,4.96497,0.986838
2,2.64003,1.8559
3,1.8774,2.60979
4,1.45348,3.37096
5,1.32379,3.70121
6,1.26722,3.86643
7,1.12264,4.36437
8,1.11115,4.4095
10,1.09026,4.49399
12,1.11491,4.39463
16,1.10745,4.42424
